,Path,Labels
0,image1-1.tiff,1
1,image1-10.tiff,1
2,image1-11.tiff,1
3,image1-12.tiff,1
4,image1-13.tiff,1
5,image1-14.tiff,1
6,image1-15.tiff,1
7,image1-16.tiff,1
8,image1-17.tiff,1
9,image1-18.tiff,1
10,image1-19.tiff,1
11,image1-2.tiff,1
12,image1-20.tiff,1
13,image1-21.tiff,1
14,image1-22.tiff,1
15,image1-23.tiff,1
16,image1-24.tiff,1
17,image1-25.tiff,1
18,image1-26.tiff,1
19,image1-27.tiff,1
20,image1-28.tiff,1
21,image1-29.tiff,1
22,image1-3.tiff,1
23,image1-30.tiff,1
24,image1-31.tiff,1
25,image1-32.tiff,1
26,image1-33.tiff,1
27,image1-34.tiff,1
28,image1-35.tiff,1
29,image1-36.tiff,1
30,image1-37.tiff,1
31,image1-38.tiff,1
32,image1-39.tiff,1
33,image1-4.tiff,1
34,image1-40.tiff,1
35,image1-41.tiff,1
36,image1-42.tiff,1
37,image1-43.tiff,1
38,image1-44.tiff,1
39,image1-45.tiff,1
40,image1-46.tiff,1
41,image1-47.tiff,1
42,image1-48.tiff,1
43,image1-49.tiff,1
44,image1-5.tiff,1
45,image1-50.tiff,1
46,image1-6.tiff,1
47,image1-7.tiff,1
48,image1-8.tiff,1
49,image1-9.tiff,1
50,image1.tiff,1
51,image10-1.tiff,10
52,image10-10.tiff,10
53,image10-11.tiff,10
54,image10-12.tiff,10
55,image10-13.tiff,10
56,image10-14.tiff,10
57,image10-15.tiff,10
58,image10-16.tiff,10
59,image10-17.tiff,10
60,image10-18.tiff,10
61,image10-19.tiff,10
62,image10-2.tiff,10
63,image10-20.tiff,10
64,image10-21.tiff,10
65,image10-22.tiff,10
66,image10-23.tiff,10
67,image10-24.tiff,10
68,image10-25.tiff,10
69,image10-26.tiff,10
70,image10-27.tiff,10
71,image10-28.tiff,10
72,image10-29.tiff,10
73,image10-3.tiff,10
74,image10-30.tiff,10
75,image10-31.tiff,10
76,image10-32.tiff,10
77,image10-33.tiff,10
78,image10-34.tiff,10
79,image10-35.tiff,10
80,image10-36.tiff,10
81,image10-37.tiff,10
82,image10-38.tiff,10
83,image10-39.tiff,10
84,image10-4.tiff,10
85,image10-40.tiff,10
86,image10-41.tiff,10
87,image10-42.tiff,10
88,image10-43.tiff,10
89,image10-44.tiff,10
90,image10-45.tiff,10
91,image10-46.tiff,10
92,image10-47.tiff,10
93,image10-48.tiff,10
94,image10-49.tiff,10
95,image10-5.tiff,10
96,image10-50.tiff,10
97,image10-6.tiff,10
98,image10-7.tiff,10
99,image10-8.tiff,10
100,image10-9.tiff,10
101,image10.tiff,10
102,image11-1.tiff,11
103,image11-10.tiff,11
104,image11-11.tiff,11
105,image11-12.tiff,11
106,image11-13.tiff,11
107,image11-14.tiff,11
108,image11-15.tiff,11
109,image11-16.tiff,11
110,image11-17.tiff,11
111,image11-18.tiff,11
112,image11-19.tiff,11
113,image11-2.tiff,11
114,image11-20.tiff,11
115,image11-21.tiff,11
116,image11-22.tiff,11
117,image11-23.tiff,11
118,image11-24.tiff,11
119,image11-25.tiff,11
120,image11-26.tiff,11
121,image11-27.tiff,11
122,image11-28.tiff,11
123,image11-29.tiff,11
124,image11-3.tiff,11
125,image11-30.tiff,11
126,image11-31.tiff,11
127,image11-32.tiff,11
128,image11-33.tiff,11
129,image11-34.tiff,11
130,image11-35.tiff,11
131,image11-36.tiff,11
132,image11-37.tiff,11
133,image11-38.tiff,11
134,image11-39.tiff,11
135,image11-4.tiff,11
136,image11-40.tiff,11
137,image11-41.tiff,11
138,image11-42.tiff,11
139,image11-43.tiff,11
140,image11-44.tiff,11
141,image11-45.tiff,11
142,image11-46.tiff,11
143,image11-47.tiff,11
144,image11-48.tiff,11
145,image11-49.tiff,11
146,image11-5.tiff,11
147,image11-50.tiff,11
148,image11-6.tiff,11
149,image11-7.tiff,11
150,image11-8.tiff,11
151,image11-9.tiff,11
152,image11.tiff,11
153,image12-1.tiff,12
154,image12-10.tiff,12
155,image12-11.tiff,12
156,image12-12.tiff,12
157,image12-13.tiff,12
158,image12-14.tiff,12
159,image12-15.tiff,12
160,image12-16.tiff,12
161,image12-17.tiff,12
162,image12-18.tiff,12
163,image12-19.tiff,12
164,image12-2.tiff,12
165,image12-20.tiff,12
166,image12-21.tiff,12
167,image12-22.tiff,12
168,image12-23.tiff,12
169,image12-24.tiff,12
170,image12-25.tiff,12
171,image12-26.tiff,12
172,image12-27.tiff,12
173,image12-28.tiff,12
174,image12-29.tiff,12
175,image12-3.tiff,12
176,image12-30.tiff,12
177,image12-31.tiff,12
178,image12-32.tiff,12
179,image12-33.tiff,12
180,image12-34.tiff,12
181,image12-35.tiff,12
182,image12-36.tiff,12
183,image12-37.tiff,12
184,image12-38.tiff,12
185,image12-39.tiff,12
186,image12-4.tiff,12
187,image12-40.tiff,12
188,image12-41.tiff,12
189,image12-42.tiff,12
190,image12-43.tiff,12
191,image12-44.tiff,12
192,image12-45.tiff,12
193,image12-46.tiff,12
194,image12-47.tiff,12
195,image12-48.tiff,12
196,image12-49.tiff,12
197,image12-5.tiff,12
198,image12-50.tiff,12
199,image12-6.tiff,12
200,image12-7.tiff,12
201,image12-8.tiff,12
202,image12-9.tiff,12
203,image12.tiff,12
204,image13-1.tiff,13
205,image13-10.tiff,13
206,image13-11.tiff,13
207,image13-12.tiff,13
208,image13-13.tiff,13
209,image13-14.tiff,13
210,image13-15.tiff,13
211,image13-16.tiff,13
212,image13-17.tiff,13
213,image13-18.tiff,13
214,image13-19.tiff,13
215,image13-2.tiff,13
216,image13-20.tiff,13
217,image13-21.tiff,13
218,image13-22.tiff,13
219,image13-23.tiff,13
220,image13-24.tiff,13
221,image13-25.tiff,13
222,image13-26.tiff,13
223,image13-27.tiff,13
224,image13-28.tiff,13
225,image13-29.tiff,13
226,image13-3.tiff,13
227,image13-30.tiff,13
228,image13-31.tiff,13
229,image13-32.tiff,13
230,image13-33.tiff,13
231,image13-34.tiff,13
232,image13-35.tiff,13
233,image13-36.tiff,13
234,image13-37.tiff,13
235,image13-38.tiff,13
236,image13-39.tiff,13
237,image13-4.tiff,13
238,image13-40.tiff,13
239,image13-41.tiff,13
240,image13-42.tiff,13
241,image13-43.tiff,13
242,image13-44.tiff,13
243,image13-45.tiff,13
244,image13-46.tiff,13
245,image13-47.tiff,13
246,image13-48.tiff,13
247,image13-49.tiff,13
248,image13-5.tiff,13
249,image13-50.tiff,13
250,image13-6.tiff,13
251,image13-7.tiff,13
252,image13-8.tiff,13
253,image13-9.tiff,13
254,image13.tiff,13
255,image14-1.tiff,14
256,image14-10.tiff,14
257,image14-11.tiff,14
258,image14-12.tiff,14
259,image14-13.tiff,14
260,image14-14.tiff,14
261,image14-15.tiff,14
262,image14-16.tiff,14
263,image14-17.tiff,14
264,image14-18.tiff,14
265,image14-19.tiff,14
266,image14-2.tiff,14
267,image14-20.tiff,14
268,image14-21.tiff,14
269,image14-22.tiff,14
270,image14-23.tiff,14
271,image14-24.tiff,14
272,image14-25.tiff,14
273,image14-26.tiff,14
274,image14-27.tiff,14
275,image14-28.tiff,14
276,image14-29.tiff,14
277,image14-3.tiff,14
278,image14-30.tiff,14
279,image14-31.tiff,14
280,image14-32.tiff,14
281,image14-33.tiff,14
282,image14-34.tiff,14
283,image14-35.tiff,14
284,image14-36.tiff,14
285,image14-37.tiff,14
286,image14-38.tiff,14
287,image14-39.tiff,14
288,image14-4.tiff,14
289,image14-40.tiff,14
290,image14-41.tiff,14
291,image14-42.tiff,14
292,image14-43.tiff,14
293,image14-44.tiff,14
294,image14-45.tiff,14
295,image14-46.tiff,14
296,image14-47.tiff,14
297,image14-48.tiff,14
298,image14-49.tiff,14
299,image14-5.tiff,14
300,image14-50.tiff,14
301,image14-6.tiff,14
302,image14-7.tiff,14
303,image14-8.tiff,14
304,image14-9.tiff,14
305,image14.tiff,14
306,image15-1.tiff,15
307,image15-10.tiff,15
308,image15-11.tiff,15
309,image15-12.tiff,15
310,image15-13.tiff,15
311,image15-14.tiff,15
312,image15-15.tiff,15
313,image15-16.tiff,15
314,image15-17.tiff,15
315,image15-18.tiff,15
316,image15-19.tiff,15
317,image15-2.tiff,15
318,image15-20.tiff,15
319,image15-21.tiff,15
320,image15-22.tiff,15
321,image15-23.tiff,15
322,image15-24.tiff,15
323,image15-25.tiff,15
324,image15-26.tiff,15
325,image15-27.tiff,15
326,image15-28.tiff,15
327,image15-29.tiff,15
328,image15-3.tiff,15
329,image15-30.tiff,15
330,image15-31.tiff,15
331,image15-32.tiff,15
332,image15-33.tiff,15
333,image15-34.tiff,15
334,image15-35.tiff,15
335,image15-36.tiff,15
336,image15-37.tiff,15
337,image15-38.tiff,15
338,image15-39.tiff,15
339,image15-4.tiff,15
340,image15-40.tiff,15
341,image15-41.tiff,15
342,image15-42.tiff,15
343,image15-43.tiff,15
344,image15-44.tiff,15
345,image15-45.tiff,15
346,image15-46.tiff,15
347,image15-47.tiff,15
348,image15-48.tiff,15
349,image15-49.tiff,15
350,image15-5.tiff,15
351,image15-50.tiff,15
352,image15-6.tiff,15
353,image15-7.tiff,15
354,image15-8.tiff,15
355,image15-9.tiff,15
356,image15.tiff,15
357,image16-1.tiff,16
358,image16-10.tiff,16
359,image16-11.tiff,16
360,image16-12.tiff,16
361,image16-13.tiff,16
362,image16-14.tiff,16
363,image16-15.tiff,16
364,image16-16.tiff,16
365,image16-17.tiff,16
366,image16-18.tiff,16
367,image16-19.tiff,16
368,image16-2.tiff,16
369,image16-20.tiff,16
370,image16-21.tiff,16
371,image16-22.tiff,16
372,image16-23.tiff,16
373,image16-24.tiff,16
374,image16-25.tiff,16
375,image16-26.tiff,16
376,image16-27.tiff,16
377,image16-28.tiff,16
378,image16-29.tiff,16
379,image16-3.tiff,16
380,image16-30.tiff,16
381,image16-31.tiff,16
382,image16-32.tiff,16
383,image16-33.tiff,16
384,image16-34.tiff,16
385,image16-35.tiff,16
386,image16-36.tiff,16
387,image16-37.tiff,16
388,image16-38.tiff,16
389,image16-39.tiff,16
390,image16-4.tiff,16
391,image16-40.tiff,16
392,image16-41.tiff,16
393,image16-42.tiff,16
394,image16-43.tiff,16
395,image16-44.tiff,16
396,image16-45.tiff,16
397,image16-46.tiff,16
398,image16-47.tiff,16
399,image16-48.tiff,16
400,image16-49.tiff,16
401,image16-5.tiff,16
402,image16-50.tiff,16
403,image16-6.tiff,16
404,image16-7.tiff,16
405,image16-8.tiff,16
406,image16-9.tiff,16
407,image16.tiff,16
408,image17-1.tiff,17
409,image17-10.tiff,17
410,image17-11.tiff,17
411,image17-12.tiff,17
412,image17-13.tiff,17
413,image17-14.tiff,17
414,image17-15.tiff,17
415,image17-16.tiff,17
416,image17-17.tiff,17
417,image17-18.tiff,17
418,image17-19.tiff,17
419,image17-2.tiff,17
420,image17-20.tiff,17
421,image17-21.tiff,17
422,image17-22.tiff,17
423,image17-23.tiff,17
424,image17-24.tiff,17
425,image17-25.tiff,17
426,image17-26.tiff,17
427,image17-27.tiff,17
428,image17-28.tiff,17
429,image17-29.tiff,17
430,image17-3.tiff,17
431,image17-30.tiff,17
432,image17-31.tiff,17
433,image17-32.tiff,17
434,image17-33.tiff,17
435,image17-34.tiff,17
436,image17-35.tiff,17
437,image17-36.tiff,17
438,image17-37.tiff,17
439,image17-38.tiff,17
440,image17-39.tiff,17
441,image17-4.tiff,17
442,image17-40.tiff,17
443,image17-41.tiff,17
444,image17-42.tiff,17
445,image17-43.tiff,17
446,image17-44.tiff,17
447,image17-45.tiff,17
448,image17-46.tiff,17
449,image17-47.tiff,17
450,image17-48.tiff,17
451,image17-49.tiff,17
452,image17-5.tiff,17
453,image17-50.tiff,17
454,image17-6.tiff,17
455,image17-7.tiff,17
456,image17-8.tiff,17
457,image17-9.tiff,17
458,image17.tiff,17
459,image18-1.tiff,18
460,image18-10.tiff,18
461,image18-11.tiff,18
462,image18-12.tiff,18
463,image18-13.tiff,18
464,image18-14.tiff,18
465,image18-15.tiff,18
466,image18-16.tiff,18
467,image18-17.tiff,18
468,image18-18.tiff,18
469,image18-19.tiff,18
470,image18-2.tiff,18
471,image18-20.tiff,18
472,image18-21.tiff,18
473,image18-22.tiff,18
474,image18-23.tiff,18
475,image18-24.tiff,18
476,image18-25.tiff,18
477,image18-26.tiff,18
478,image18-27.tiff,18
479,image18-28.tiff,18
480,image18-29.tiff,18
481,image18-3.tiff,18
482,image18-30.tiff,18
483,image18-31.tiff,18
484,image18-32.tiff,18
485,image18-33.tiff,18
486,image18-34.tiff,18
487,image18-35.tiff,18
488,image18-36.tiff,18
489,image18-37.tiff,18
490,image18-38.tiff,18
491,image18-39.tiff,18
492,image18-4.tiff,18
493,image18-40.tiff,18
494,image18-41.tiff,18
495,image18-42.tiff,18
496,image18-43.tiff,18
497,image18-44.tiff,18
498,image18-45.tiff,18
499,image18-46.tiff,18
500,image18-47.tiff,18
501,image18-48.tiff,18
502,image18-49.tiff,18
503,image18-5.tiff,18
504,image18-50.tiff,18
505,image18-6.tiff,18
506,image18-7.tiff,18
507,image18-8.tiff,18
508,image18-9.tiff,18
509,image18.tiff,18
510,image19-1.tiff,19
511,image19-10.tiff,19
512,image19-11.tiff,19
513,image19-12.tiff,19
514,image19-13.tiff,19
515,image19-14.tiff,19
516,image19-15.tiff,19
517,image19-16.tiff,19
518,image19-17.tiff,19
519,image19-18.tiff,19
520,image19-19.tiff,19
521,image19-2.tiff,19
522,image19-20.tiff,19
523,image19-21.tiff,19
524,image19-22.tiff,19
525,image19-23.tiff,19
526,image19-24.tiff,19
527,image19-25.tiff,19
528,image19-26.tiff,19
529,image19-27.tiff,19
530,image19-28.tiff,19
531,image19-29.tiff,19
532,image19-3.tiff,19
533,image19-30.tiff,19
534,image19-31.tiff,19
535,image19-32.tiff,19
536,image19-33.tiff,19
537,image19-34.tiff,19
538,image19-35.tiff,19
539,image19-36.tiff,19
540,image19-37.tiff,19
541,image19-38.tiff,19
542,image19-39.tiff,19
543,image19-4.tiff,19
544,image19-40.tiff,19
545,image19-41.tiff,19
546,image19-42.tiff,19
547,image19-43.tiff,19
548,image19-44.tiff,19
549,image19-45.tiff,19
550,image19-46.tiff,19
551,image19-47.tiff,19
552,image19-48.tiff,19
553,image19-49.tiff,19
554,image19-5.tiff,19
555,image19-50.tiff,19
556,image19-6.tiff,19
557,image19-7.tiff,19
558,image19-8.tiff,19
559,image19-9.tiff,19
560,image19.tiff,19
561,image2-1.tiff,2
562,image2-10.tiff,2
563,image2-11.tiff,2
564,image2-12.tiff,2
565,image2-13.tiff,2
566,image2-14.tiff,2
567,image2-15.tiff,2
568,image2-16.tiff,2
569,image2-17.tiff,2
570,image2-18.tiff,2
571,image2-19.tiff,2
572,image2-2.tiff,2
573,image2-20.tiff,2
574,image2-21.tiff,2
575,image2-22.tiff,2
576,image2-23.tiff,2
577,image2-24.tiff,2
578,image2-25.tiff,2
579,image2-26.tiff,2
580,image2-27.tiff,2
581,image2-28.tiff,2
582,image2-29.tiff,2
583,image2-3.tiff,2
584,image2-30.tiff,2
585,image2-31.tiff,2
586,image2-32.tiff,2
587,image2-33.tiff,2
588,image2-34.tiff,2
589,image2-35.tiff,2
590,image2-36.tiff,2
591,image2-37.tiff,2
592,image2-38.tiff,2
593,image2-39.tiff,2
594,image2-4.tiff,2
595,image2-40.tiff,2
596,image2-41.tiff,2
597,image2-42.tiff,2
598,image2-43.tiff,2
599,image2-44.tiff,2
600,image2-45.tiff,2
601,image2-46.tiff,2
602,image2-47.tiff,2
603,image2-48.tiff,2
604,image2-49.tiff,2
605,image2-5.tiff,2
606,image2-50.tiff,2
607,image2-6.tiff,2
608,image2-7.tiff,2
609,image2-8.tiff,2
610,image2-9.tiff,2
611,image2.tiff,2
612,image20-1.tiff,20
613,image20-10.tiff,20
614,image20-11.tiff,20
615,image20-12.tiff,20
616,image20-13.tiff,20
617,image20-14.tiff,20
618,image20-15.tiff,20
619,image20-16.tiff,20
620,image20-17.tiff,20
621,image20-18.tiff,20
622,image20-19.tiff,20
623,image20-2.tiff,20
624,image20-20.tiff,20
625,image20-21.tiff,20
626,image20-22.tiff,20
627,image20-23.tiff,20
628,image20-24.tiff,20
629,image20-25.tiff,20
630,image20-26.tiff,20
631,image20-27.tiff,20
632,image20-28.tiff,20
633,image20-29.tiff,20
634,image20-3.tiff,20
635,image20-30.tiff,20
636,image20-31.tiff,20
637,image20-32.tiff,20
638,image20-33.tiff,20
639,image20-34.tiff,20
640,image20-35.tiff,20
641,image20-36.tiff,20
642,image20-37.tiff,20
643,image20-38.tiff,20
644,image20-39.tiff,20
645,image20-4.tiff,20
646,image20-40.tiff,20
647,image20-41.tiff,20
648,image20-42.tiff,20
649,image20-43.tiff,20
650,image20-44.tiff,20
651,image20-45.tiff,20
652,image20-46.tiff,20
653,image20-47.tiff,20
654,image20-48.tiff,20
655,image20-49.tiff,20
656,image20-5.tiff,20
657,image20-50.tiff,20
658,image20-6.tiff,20
659,image20-7.tiff,20
660,image20-8.tiff,20
661,image20-9.tiff,20
662,image20.tiff,20
663,image21-1.tiff,21
664,image21-10.tiff,21
665,image21-11.tiff,21
666,image21-12.tiff,21
667,image21-13.tiff,21
668,image21-14.tiff,21
669,image21-15.tiff,21
670,image21-16.tiff,21
671,image21-17.tiff,21
672,image21-18.tiff,21
673,image21-19.tiff,21
674,image21-2.tiff,21
675,image21-20.tiff,21
676,image21-21.tiff,21
677,image21-22.tiff,21
678,image21-23.tiff,21
679,image21-24.tiff,21
680,image21-25.tiff,21
681,image21-26.tiff,21
682,image21-27.tiff,21
683,image21-28.tiff,21
684,image21-29.tiff,21
685,image21-3.tiff,21
686,image21-30.tiff,21
687,image21-31.tiff,21
688,image21-32.tiff,21
689,image21-33.tiff,21
690,image21-34.tiff,21
691,image21-35.tiff,21
692,image21-36.tiff,21
693,image21-37.tiff,21
694,image21-38.tiff,21
695,image21-39.tiff,21
696,image21-4.tiff,21
697,image21-40.tiff,21
698,image21-41.tiff,21
699,image21-42.tiff,21
700,image21-43.tiff,21
701,image21-44.tiff,21
702,image21-45.tiff,21
703,image21-46.tiff,21
704,image21-47.tiff,21
705,image21-48.tiff,21
706,image21-49.tiff,21
707,image21-5.tiff,21
708,image21-50.tiff,21
709,image21-6.tiff,21
710,image21-7.tiff,21
711,image21-8.tiff,21
712,image21-9.tiff,21
713,image21.tiff,21
714,image22-1.tiff,22
715,image22-10.tiff,22
716,image22-11.tiff,22
717,image22-12.tiff,22
718,image22-13.tiff,22
719,image22-14.tiff,22
720,image22-15.tiff,22
721,image22-16.tiff,22
722,image22-17.tiff,22
723,image22-18.tiff,22
724,image22-19.tiff,22
725,image22-2.tiff,22
726,image22-20.tiff,22
727,image22-21.tiff,22
728,image22-22.tiff,22
729,image22-23.tiff,22
730,image22-24.tiff,22
731,image22-25.tiff,22
732,image22-26.tiff,22
733,image22-27.tiff,22
734,image22-28.tiff,22
735,image22-29.tiff,22
736,image22-3.tiff,22
737,image22-30.tiff,22
738,image22-31.tiff,22
739,image22-32.tiff,22
740,image22-33.tiff,22
741,image22-34.tiff,22
742,image22-35.tiff,22
743,image22-36.tiff,22
744,image22-37.tiff,22
745,image22-38.tiff,22
746,image22-39.tiff,22
747,image22-4.tiff,22
748,image22-40.tiff,22
749,image22-41.tiff,22
750,image22-42.tiff,22
751,image22-43.tiff,22
752,image22-44.tiff,22
753,image22-45.tiff,22
754,image22-46.tiff,22
755,image22-47.tiff,22
756,image22-48.tiff,22
757,image22-49.tiff,22
758,image22-5.tiff,22
759,image22-50.tiff,22
760,image22-6.tiff,22
761,image22-7.tiff,22
762,image22-8.tiff,22
763,image22-9.tiff,22
764,image22.tiff,22
765,image23-1.tiff,23
766,image23-10.tiff,23
767,image23-11.tiff,23
768,image23-12.tiff,23
769,image23-13.tiff,23
770,image23-14.tiff,23
771,image23-15.tiff,23
772,image23-16.tiff,23
773,image23-17.tiff,23
774,image23-18.tiff,23
775,image23-19.tiff,23
776,image23-2.tiff,23
777,image23-20.tiff,23
778,image23-21.tiff,23
779,image23-22.tiff,23
780,image23-23.tiff,23
781,image23-24.tiff,23
782,image23-25.tiff,23
783,image23-26.tiff,23
784,image23-27.tiff,23
785,image23-28.tiff,23
786,image23-29.tiff,23
787,image23-3.tiff,23
788,image23-30.tiff,23
789,image23-31.tiff,23
790,image23-32.tiff,23
791,image23-33.tiff,23
792,image23-34.tiff,23
793,image23-35.tiff,23
794,image23-36.tiff,23
795,image23-37.tiff,23
796,image23-38.tiff,23
797,image23-39.tiff,23
798,image23-4.tiff,23
799,image23-40.tiff,23
800,image23-41.tiff,23
801,image23-42.tiff,23
802,image23-43.tiff,23
803,image23-44.tiff,23
804,image23-45.tiff,23
805,image23-46.tiff,23
806,image23-47.tiff,23
807,image23-48.tiff,23
808,image23-49.tiff,23
809,image23-5.tiff,23
810,image23-50.tiff,23
811,image23-6.tiff,23
812,image23-7.tiff,23
813,image23-8.tiff,23
814,image23-9.tiff,23
815,image23.tiff,23
816,image24-1.tiff,24
817,image24-10.tiff,24
818,image24-11.tiff,24
819,image24-12.tiff,24
820,image24-13.tiff,24
821,image24-14.tiff,24
822,image24-15.tiff,24
823,image24-16.tiff,24
824,image24-17.tiff,24
825,image24-18.tiff,24
826,image24-19.tiff,24
827,image24-2.tiff,24
828,image24-20.tiff,24
829,image24-21.tiff,24
830,image24-22.tiff,24
831,image24-23.tiff,24
832,image24-24.tiff,24
833,image24-25.tiff,24
834,image24-26.tiff,24
835,image24-27.tiff,24
836,image24-28.tiff,24
837,image24-29.tiff,24
838,image24-3.tiff,24
839,image24-30.tiff,24
840,image24-31.tiff,24
841,image24-32.tiff,24
842,image24-33.tiff,24
843,image24-34.tiff,24
844,image24-35.tiff,24
845,image24-36.tiff,24
846,image24-37.tiff,24
847,image24-38.tiff,24
848,image24-39.tiff,24
849,image24-4.tiff,24
850,image24-40.tiff,24
851,image24-41.tiff,24
852,image24-42.tiff,24
853,image24-43.tiff,24
854,image24-44.tiff,24
855,image24-45.tiff,24
856,image24-46.tiff,24
857,image24-47.tiff,24
858,image24-48.tiff,24
859,image24-49.tiff,24
860,image24-5.tiff,24
861,image24-50.tiff,24
862,image24-6.tiff,24
863,image24-7.tiff,24
864,image24-8.tiff,24
865,image24-9.tiff,24
866,image24.tiff,24
867,image25-1.tiff,25
868,image25-10.tiff,25
869,image25-11.tiff,25
870,image25-12.tiff,25
871,image25-13.tiff,25
872,image25-14.tiff,25
873,image25-15.tiff,25
874,image25-16.tiff,25
875,image25-17.tiff,25
876,image25-18.tiff,25
877,image25-19.tiff,25
878,image25-2.tiff,25
879,image25-20.tiff,25
880,image25-21.tiff,25
881,image25-22.tiff,25
882,image25-23.tiff,25
883,image25-24.tiff,25
884,image25-25.tiff,25
885,image25-26.tiff,25
886,image25-27.tiff,25
887,image25-28.tiff,25
888,image25-29.tiff,25
889,image25-3.tiff,25
890,image25-30.tiff,25
891,image25-31.tiff,25
892,image25-32.tiff,25
893,image25-33.tiff,25
894,image25-34.tiff,25
895,image25-35.tiff,25
896,image25-36.tiff,25
897,image25-37.tiff,25
898,image25-38.tiff,25
899,image25-39.tiff,25
900,image25-4.tiff,25
901,image25-40.tiff,25
902,image25-41.tiff,25
903,image25-42.tiff,25
904,image25-43.tiff,25
905,image25-44.tiff,25
906,image25-45.tiff,25
907,image25-46.tiff,25
908,image25-47.tiff,25
909,image25-48.tiff,25
910,image25-49.tiff,25
911,image25-5.tiff,25
912,image25-50.tiff,25
913,image25-6.tiff,25
914,image25-7.tiff,25
915,image25-8.tiff,25
916,image25-9.tiff,25
917,image25.tiff,25
918,image26-1.tiff,26
919,image26-10.tiff,26
920,image26-11.tiff,26
921,image26-12.tiff,26
922,image26-13.tiff,26
923,image26-14.tiff,26
924,image26-15.tiff,26
925,image26-16.tiff,26
926,image26-17.tiff,26
927,image26-18.tiff,26
928,image26-19.tiff,26
929,image26-2.tiff,26
930,image26-20.tiff,26
931,image26-21.tiff,26
932,image26-22.tiff,26
933,image26-23.tiff,26
934,image26-24.tiff,26
935,image26-25.tiff,26
936,image26-26.tiff,26
937,image26-27.tiff,26
938,image26-28.tiff,26
939,image26-29.tiff,26
940,image26-3.tiff,26
941,image26-30.tiff,26
942,image26-31.tiff,26
943,image26-32.tiff,26
944,image26-33.tiff,26
945,image26-34.tiff,26
946,image26-35.tiff,26
947,image26-36.tiff,26
948,image26-37.tiff,26
949,image26-38.tiff,26
950,image26-39.tiff,26
951,image26-4.tiff,26
952,image26-40.tiff,26
953,image26-41.tiff,26
954,image26-42.tiff,26
955,image26-43.tiff,26
956,image26-44.tiff,26
957,image26-45.tiff,26
958,image26-46.tiff,26
959,image26-47.tiff,26
960,image26-48.tiff,26
961,image26-49.tiff,26
962,image26-5.tiff,26
963,image26-50.tiff,26
964,image26-6.tiff,26
965,image26-7.tiff,26
966,image26-8.tiff,26
967,image26-9.tiff,26
968,image26.tiff,26
969,image3-1.tiff,3
970,image3-10.tiff,3
971,image3-11.tiff,3
972,image3-12.tiff,3
973,image3-13.tiff,3
974,image3-14.tiff,3
975,image3-15.tiff,3
976,image3-16.tiff,3
977,image3-17.tiff,3
978,image3-18.tiff,3
979,image3-19.tiff,3
980,image3-2.tiff,3
981,image3-20.tiff,3
982,image3-21.tiff,3
983,image3-22.tiff,3
984,image3-23.tiff,3
985,image3-24.tiff,3
986,image3-25.tiff,3
987,image3-26.tiff,3
988,image3-27.tiff,3
989,image3-28.tiff,3
990,image3-29.tiff,3
991,image3-3.tiff,3
992,image3-30.tiff,3
993,image3-31.tiff,3
994,image3-32.tiff,3
995,image3-33.tiff,3
996,image3-34.tiff,3
997,image3-35.tiff,3
998,image3-36.tiff,3
999,image3-37.tiff,3
1000,image3-38.tiff,3
1001,image3-39.tiff,3
1002,image3-4.tiff,3
1003,image3-40.tiff,3
1004,image3-41.tiff,3
1005,image3-42.tiff,3
1006,image3-43.tiff,3
1007,image3-44.tiff,3
1008,image3-45.tiff,3
1009,image3-46.tiff,3
1010,image3-47.tiff,3
1011,image3-48.tiff,3
1012,image3-49.tiff,3
1013,image3-5.tiff,3
1014,image3-50.tiff,3
1015,image3-6.tiff,3
1016,image3-7.tiff,3
1017,image3-8.tiff,3
1018,image3-9.tiff,3
1019,image3.tiff,3
1020,image4-1.tiff,4
1021,image4-10.tiff,4
1022,image4-11.tiff,4
1023,image4-12.tiff,4
1024,image4-13.tiff,4
1025,image4-14.tiff,4
1026,image4-15.tiff,4
1027,image4-16.tiff,4
1028,image4-17.tiff,4
1029,image4-18.tiff,4
1030,image4-19.tiff,4
1031,image4-2.tiff,4
1032,image4-20.tiff,4
1033,image4-21.tiff,4
1034,image4-22.tiff,4
1035,image4-23.tiff,4
1036,image4-24.tiff,4
1037,image4-25.tiff,4
1038,image4-26.tiff,4
1039,image4-27.tiff,4
1040,image4-28.tiff,4
1041,image4-29.tiff,4
1042,image4-3.tiff,4
1043,image4-30.tiff,4
1044,image4-31.tiff,4
1045,image4-32.tiff,4
1046,image4-33.tiff,4
1047,image4-34.tiff,4
1048,image4-35.tiff,4
1049,image4-36.tiff,4
1050,image4-37.tiff,4
1051,image4-38.tiff,4
1052,image4-39.tiff,4
1053,image4-4.tiff,4
1054,image4-40.tiff,4
1055,image4-41.tiff,4
1056,image4-42.tiff,4
1057,image4-43.tiff,4
1058,image4-44.tiff,4
1059,image4-45.tiff,4
1060,image4-46.tiff,4
1061,image4-47.tiff,4
1062,image4-48.tiff,4
1063,image4-49.tiff,4
1064,image4-5.tiff,4
1065,image4-50.tiff,4
1066,image4-6.tiff,4
1067,image4-7.tiff,4
1068,image4-8.tiff,4
1069,image4-9.tiff,4
1070,image4.tiff,4
1071,image5-1.tiff,5
1072,image5-10.tiff,5
1073,image5-11.tiff,5
1074,image5-12.tiff,5
1075,image5-13.tiff,5
1076,image5-14.tiff,5
1077,image5-15.tiff,5
1078,image5-16.tiff,5
1079,image5-17.tiff,5
1080,image5-18.tiff,5
1081,image5-19.tiff,5
1082,image5-2.tiff,5
1083,image5-20.tiff,5
1084,image5-21.tiff,5
1085,image5-22.tiff,5
1086,image5-23.tiff,5
1087,image5-24.tiff,5
1088,image5-25.tiff,5
1089,image5-26.tiff,5
1090,image5-27.tiff,5
1091,image5-28.tiff,5
1092,image5-29.tiff,5
1093,image5-3.tiff,5
1094,image5-30.tiff,5
1095,image5-31.tiff,5
1096,image5-32.tiff,5
1097,image5-33.tiff,5
1098,image5-34.tiff,5
1099,image5-35.tiff,5
1100,image5-36.tiff,5
1101,image5-37.tiff,5
1102,image5-38.tiff,5
1103,image5-39.tiff,5
1104,image5-4.tiff,5
1105,image5-40.tiff,5
1106,image5-41.tiff,5
1107,image5-42.tiff,5
1108,image5-43.tiff,5
1109,image5-44.tiff,5
1110,image5-45.tiff,5
1111,image5-46.tiff,5
1112,image5-47.tiff,5
1113,image5-48.tiff,5
1114,image5-49.tiff,5
1115,image5-5.tiff,5
1116,image5-50.tiff,5
1117,image5-6.tiff,5
1118,image5-7.tiff,5
1119,image5-8.tiff,5
1120,image5-9.tiff,5
1121,image5.tiff,5
1122,image6-1.tiff,6
1123,image6-10.tiff,6
1124,image6-11.tiff,6
1125,image6-12.tiff,6
1126,image6-13.tiff,6
1127,image6-14.tiff,6
1128,image6-15.tiff,6
1129,image6-16.tiff,6
1130,image6-17.tiff,6
1131,image6-18.tiff,6
1132,image6-19.tiff,6
1133,image6-2.tiff,6
1134,image6-20.tiff,6
1135,image6-21.tiff,6
1136,image6-22.tiff,6
1137,image6-23.tiff,6
1138,image6-24.tiff,6
1139,image6-25.tiff,6
1140,image6-26.tiff,6
1141,image6-27.tiff,6
1142,image6-28.tiff,6
1143,image6-29.tiff,6
1144,image6-3.tiff,6
1145,image6-30.tiff,6
1146,image6-31.tiff,6
1147,image6-32.tiff,6
1148,image6-33.tiff,6
1149,image6-34.tiff,6
1150,image6-35.tiff,6
1151,image6-36.tiff,6
1152,image6-37.tiff,6
1153,image6-38.tiff,6
1154,image6-39.tiff,6
1155,image6-4.tiff,6
1156,image6-40.tiff,6
1157,image6-41.tiff,6
1158,image6-42.tiff,6
1159,image6-43.tiff,6
1160,image6-44.tiff,6
1161,image6-45.tiff,6
1162,image6-46.tiff,6
1163,image6-47.tiff,6
1164,image6-48.tiff,6
1165,image6-49.tiff,6
1166,image6-5.tiff,6
1167,image6-50.tiff,6
1168,image6-6.tiff,6
1169,image6-7.tiff,6
1170,image6-8.tiff,6
1171,image6-9.tiff,6
1172,image6.tiff,6
1173,image7-1.tiff,7
1174,image7-10.tiff,7
1175,image7-11.tiff,7
1176,image7-12.tiff,7
1177,image7-13.tiff,7
1178,image7-14.tiff,7
1179,image7-15.tiff,7
1180,image7-16.tiff,7
1181,image7-17.tiff,7
1182,image7-18.tiff,7
1183,image7-19.tiff,7
1184,image7-2.tiff,7
1185,image7-20.tiff,7
1186,image7-21.tiff,7
1187,image7-22.tiff,7
1188,image7-23.tiff,7
1189,image7-24.tiff,7
1190,image7-25.tiff,7
1191,image7-26.tiff,7
1192,image7-27.tiff,7
1193,image7-28.tiff,7
1194,image7-29.tiff,7
1195,image7-3.tiff,7
1196,image7-30.tiff,7
1197,image7-31.tiff,7
1198,image7-32.tiff,7
1199,image7-33.tiff,7
1200,image7-34.tiff,7
1201,image7-35.tiff,7
1202,image7-36.tiff,7
1203,image7-37.tiff,7
1204,image7-38.tiff,7
1205,image7-39.tiff,7
1206,image7-4.tiff,7
1207,image7-40.tiff,7
1208,image7-41.tiff,7
1209,image7-42.tiff,7
1210,image7-43.tiff,7
1211,image7-44.tiff,7
1212,image7-45.tiff,7
1213,image7-46.tiff,7
1214,image7-47.tiff,7
1215,image7-48.tiff,7
1216,image7-49.tiff,7
1217,image7-5.tiff,7
1218,image7-50.tiff,7
1219,image7-6.tiff,7
1220,image7-7.tiff,7
1221,image7-8.tiff,7
1222,image7-9.tiff,7
1223,image7.tiff,7
1224,image8-1.tiff,8
1225,image8-10.tiff,8
1226,image8-11.tiff,8
1227,image8-12.tiff,8
1228,image8-13.tiff,8
1229,image8-14.tiff,8
1230,image8-15.tiff,8
1231,image8-16.tiff,8
1232,image8-17.tiff,8
1233,image8-18.tiff,8
1234,image8-19.tiff,8
1235,image8-2.tiff,8
1236,image8-20.tiff,8
1237,image8-21.tiff,8
1238,image8-22.tiff,8
1239,image8-23.tiff,8
1240,image8-24.tiff,8
1241,image8-25.tiff,8
1242,image8-26.tiff,8
1243,image8-27.tiff,8
1244,image8-28.tiff,8
1245,image8-29.tiff,8
1246,image8-3.tiff,8
1247,image8-30.tiff,8
1248,image8-31.tiff,8
1249,image8-32.tiff,8
1250,image8-33.tiff,8
1251,image8-34.tiff,8
1252,image8-35.tiff,8
1253,image8-36.tiff,8
1254,image8-37.tiff,8
1255,image8-38.tiff,8
1256,image8-39.tiff,8
1257,image8-4.tiff,8
1258,image8-40.tiff,8
1259,image8-41.tiff,8
1260,image8-42.tiff,8
1261,image8-43.tiff,8
1262,image8-44.tiff,8
1263,image8-45.tiff,8
1264,image8-46.tiff,8
1265,image8-47.tiff,8
1266,image8-48.tiff,8
1267,image8-49.tiff,8
1268,image8-5.tiff,8
1269,image8-50.tiff,8
1270,image8-6.tiff,8
1271,image8-7.tiff,8
1272,image8-8.tiff,8
1273,image8-9.tiff,8
1274,image8.tiff,8
1275,image9-1.tiff,9
1276,image9-10.tiff,9
1277,image9-11.tiff,9
1278,image9-12.tiff,9
1279,image9-13.tiff,9
1280,image9-14.tiff,9
1281,image9-15.tiff,9
1282,image9-16.tiff,9
1283,image9-17.tiff,9
1284,image9-18.tiff,9
1285,image9-19.tiff,9
1286,image9-2.tiff,9
1287,image9-20.tiff,9
1288,image9-21.tiff,9
1289,image9-22.tiff,9
1290,image9-23.tiff,9
1291,image9-24.tiff,9
1292,image9-25.tiff,9
1293,image9-26.tiff,9
1294,image9-27.tiff,9
1295,image9-28.tiff,9
1296,image9-29.tiff,9
1297,image9-3.tiff,9
1298,image9-30.tiff,9
1299,image9-31.tiff,9
1300,image9-32.tiff,9
1301,image9-33.tiff,9
1302,image9-34.tiff,9
1303,image9-35.tiff,9
1304,image9-36.tiff,9
1305,image9-37.tiff,9
1306,image9-38.tiff,9
1307,image9-39.tiff,9
1308,image9-4.tiff,9
1309,image9-40.tiff,9
1310,image9-41.tiff,9
1311,image9-42.tiff,9
1312,image9-43.tiff,9
1313,image9-44.tiff,9
1314,image9-45.tiff,9
1315,image9-46.tiff,9
1316,image9-47.tiff,9
1317,image9-48.tiff,9
1318,image9-49.tiff,9
1319,image9-5.tiff,9
1320,image9-50.tiff,9
1321,image9-6.tiff,9
1322,image9-7.tiff,9
1323,image9-8.tiff,9
1324,image9-9.tiff,9
1325,image9.tiff,9
